cod_producto,descripcion_producto
99950,Producto de Pruebas Líquido - 1
62000,Mix Idoneo - Pienso Completo - Apicultura
64504,COMPO HCA
64510,CATI  70
2100002011,Almidon Maiz - Tereos España
61225,CA1956
64505,COMPO RAE
2100050331,Almidon Maiz - ADM Bulgaria
99134,SUB RE PO
64506,COMPO LE
64502,COMPO AL
63102,PEP 58 LM 48
62033,Jarabe Hive Alive
62034,Jarabe Hive Alive C
99958,Producto Pruebas Apícola ZK-10
99957,Producto Pruebas Apícola ZK-09
99128,Rechazo produccion RETAIL
49015,Harina de levadura de cerveza
99951,Producto de Pruebas Líquido - 2
44343,APIPROTEIN20
