id_ingrediente,ingrediente,traduccion_innova
c96bd494-7a22-ef11-840a-000d3a2f6a21,Azúcar,Granulated sugar
655fe9d0-7a22-ef11-840a-000d3a2f6a21,Caramelo natural,Caramel
48f319e3-9080-ef11-ac21-000d3aab915b,Maltitol,Maltitol
465a3216-9180-ef11-ac21-000d3aab915b,Sorbitol,Sorbitol
e2d7e6ae-bb84-ef11-ac21-000d3aab915b,Azúcar Líquido,
b9eb001e-2514-ef11-9f8a-000d3ac28ba0,Azúcar Líquido Invertido,Invert Syrup
c8eb001e-2514-ef11-9f8a-000d3ac28ba0,Dextrosa,Dextrose
ceeb001e-2514-ef11-9f8a-000d3ac28ba0,Fructosa,Fructose
d2eb001e-2514-ef11-9f8a-000d3ac28ba0,Jarabe de fructosa,Fructose Syrup
d4eb001e-2514-ef11-9f8a-000d3ac28ba0,Jarabe de glucosa,Corn Syrup
d6eb001e-2514-ef11-9f8a-000d3ac28ba0,Jarabe de glucosa y fructosa,High Fructose Corn Syrup
d8eb001e-2514-ef11-9f8a-000d3ac28ba0,Jarabe de maltitol,Maltitol Syrup
daeb001e-2514-ef11-9f8a-000d3ac28ba0,Jarabe de sorbitol,Sorbitol Syrup
dceb001e-2514-ef11-9f8a-000d3ac28ba0,Melaza de caña,Cane Molasses
b20cc93e-7a22-ef11-840a-6045bd91ab9a,,
9343fd29-7b22-ef11-840a-6045bd91ab9a,Fructooligosacaridos,Oligofructose
0125b9ae-7b22-ef11-840a-6045bd91ab9a,Glucósidos de esteviol (E-960a),Other Stevia
8a8e02e4-7d22-ef11-840a-6045bd91ab9a,Miel pura de abejas,Honey
40eebdf3-c966-ef11-bfe3-6045bd98c6ab,Azúcar Integral,brown cane sugar
