id_ingrediente,sinonimo
48f319e3-9080-ef11-ac21-000d3aab915b,maltitol e 965(i)
d6eb001e-2514-ef11-9f8a-000d3ac28ba0,glucose fructose
d8eb001e-2514-ef11-9f8a-000d3ac28ba0,maltitol syrup e965 (ii)
0125b9ae-7b22-ef11-840a-6045bd91ab9a,fiber from stevia extract (rebaudioside a)
40eebdf3-c966-ef11-bfe3-6045bd98c6ab,muscovado sugar dark
c8eb001e-2514-ef11-9f8a-000d3ac28ba0,dextroglucose
d6eb001e-2514-ef11-9f8a-000d3ac28ba0,sugar/glucose-fructose
daeb001e-2514-ef11-9f8a-000d3ac28ba0,ins no420(ii)
dceb001e-2514-ef11-9f8a-000d3ac28ba0,molasses cane
9343fd29-7b22-ef11-840a-6045bd91ab9a,(prebiotic) fructooligosaccharides 2000 mg/kg
48f319e3-9080-ef11-ac21-000d3aab915b,e 965i
48f319e3-9080-ef11-ac21-000d3aab915b,e 965i - d-maltitol
465a3216-9180-ef11-ac21-000d3aab915b,cas no 50-70-4
c8eb001e-2514-ef11-9f8a-000d3ac28ba0,alpha-d-glucopyranose
8a8e02e4-7d22-ef11-840a-6045bd91ab9a,100% pure honey
40eebdf3-c966-ef11-bfe3-6045bd98c6ab,soft brown sugar other
c8eb001e-2514-ef11-9f8a-000d3ac28ba0,d glucose
465a3216-9180-ef11-ac21-000d3aab915b,cas nos 50704
e2d7e6ae-bb84-ef11-ac21-000d3aab915b,pasteurized sugar cane juice
d8eb001e-2514-ef11-9f8a-000d3ac28ba0,maltitol syrup e 965 (ii)
9343fd29-7b22-ef11-840a-6045bd91ab9a,dietary fiber (oligofructose) (10%)
0125b9ae-7b22-ef11-840a-6045bd91ab9a,fiber stevia extract
0125b9ae-7b22-ef11-840a-6045bd91ab9a,fiber stevia (e 960)
465a3216-9180-ef11-ac21-000d3aab915b,sorbilande
ceeb001e-2514-ef11-9f8a-000d3ac28ba0,cas 57 48 7
d4eb001e-2514-ef11-9f8a-000d3ac28ba0,dark karo syrup
0125b9ae-7b22-ef11-840a-6045bd91ab9a,fiber rebaudioside
40eebdf3-c966-ef11-bfe3-6045bd98c6ab,soft sugar brown
c96bd494-7a22-ef11-840a-000d3a2f6a21,cas number 57-50-1
c96bd494-7a22-ef11-840a-000d3a2f6a21,saccarose
ceeb001e-2514-ef11-9f8a-000d3ac28ba0,c.a.s. 57-48-7
0125b9ae-7b22-ef11-840a-6045bd91ab9a,fiber from (stevia)
465a3216-9180-ef11-ac21-000d3aab915b,c.a.s. 50704
c8eb001e-2514-ef11-9f8a-000d3ac28ba0,complex of carbohydrates 29.5% (dextrose, maltodextrin, waxymaize - high molecular long-chain waxy cornstarch, isomaltulose) creatine monohydrate (11.3%)
8a8e02e4-7d22-ef11-840a-6045bd91ab9a,honey
d6eb001e-2514-ef11-9f8a-000d3ac28ba0,fructose glucose syrup
daeb001e-2514-ef11-9f8a-000d3ac28ba0,ins 420(ii)
0125b9ae-7b22-ef11-840a-6045bd91ab9a,fiber (e960)
0125b9ae-7b22-ef11-840a-6045bd91ab9a,fiber stevia extract (sweetener)
c8eb001e-2514-ef11-9f8a-000d3ac28ba0,d-glc
0125b9ae-7b22-ef11-840a-6045bd91ab9a,(reb a stevia) fiber
40eebdf3-c966-ef11-bfe3-6045bd98c6ab,dark soft brown sugar
c96bd494-7a22-ef11-840a-000d3a2f6a21,extra fine granulated sugar
465a3216-9180-ef11-ac21-000d3aab915b,sorbitur
e2d7e6ae-bb84-ef11-ac21-000d3aab915b,guarapo: sugarcane juice
b9eb001e-2514-ef11-9f8a-000d3ac28ba0,sugar inverted
daeb001e-2514-ef11-9f8a-000d3ac28ba0,sorbitol syrup 420ii
0125b9ae-7b22-ef11-840a-6045bd91ab9a,(steviol glycosides) fiber
8a8e02e4-7d22-ef11-840a-6045bd91ab9a,miel pur
0125b9ae-7b22-ef11-840a-6045bd91ab9a,enzyme modification of steviol glycosides
0125b9ae-7b22-ef11-840a-6045bd91ab9a,fiber from (steviol glycosides)
0125b9ae-7b22-ef11-840a-6045bd91ab9a,enzyme modified stevia stevioside 20%
9343fd29-7b22-ef11-840a-6045bd91ab9a,dietary fiber (oligofructose, inulin, dextrin)
40eebdf3-c966-ef11-bfe3-6045bd98c6ab,brown sugar
465a3216-9180-ef11-ac21-000d3aab915b,sorbo
0125b9ae-7b22-ef11-840a-6045bd91ab9a,fiber (steviol glycosides)
e2d7e6ae-bb84-ef11-ac21-000d3aab915b,100% pasteurized sugarcane juice
9343fd29-7b22-ef11-840a-6045bd91ab9a,compound prebiotics (fos 0.47%)
8a8e02e4-7d22-ef11-840a-6045bd91ab9a,pur miel
d4eb001e-2514-ef11-9f8a-000d3ac28ba0,light corn syrup
48f319e3-9080-ef11-ac21-000d3aab915b,e965i: maltitol
daeb001e-2514-ef11-9f8a-000d3ac28ba0,ins no 420ii
0125b9ae-7b22-ef11-840a-6045bd91ab9a,fiber stevia extract (rebauioside a)
8a8e02e4-7d22-ef11-840a-6045bd91ab9a,mel
465a3216-9180-ef11-ac21-000d3aab915b,e 420 sorbitol
d8eb001e-2514-ef11-9f8a-000d3ac28ba0,e965 (ii): maltitol syrup
40eebdf3-c966-ef11-bfe3-6045bd98c6ab,muscavado other
e2d7e6ae-bb84-ef11-ac21-000d3aab915b,guarapo
d8eb001e-2514-ef11-9f8a-000d3ac28ba0,dried maltitol syrup
9343fd29-7b22-ef11-840a-6045bd91ab9a,devoragras (14%) (dietary fibers (oligofructose (65%), oat fiber, camellia sinensis (green tea) (6%)))
0125b9ae-7b22-ef11-840a-6045bd91ab9a,fiber from stevia extract (steviol glycosides)
0125b9ae-7b22-ef11-840a-6045bd91ab9a,fiber stevia glycosides
0125b9ae-7b22-ef11-840a-6045bd91ab9a,fiber (reb a stevia)
48f319e3-9080-ef11-ac21-000d3aab915b,e 965 - maltitol
465a3216-9180-ef11-ac21-000d3aab915b,e420: sorbitol
b9eb001e-2514-ef11-9f8a-000d3ac28ba0,inverted beet sugar sirup
0125b9ae-7b22-ef11-840a-6045bd91ab9a,fiber rebaudioside a reb a
0125b9ae-7b22-ef11-840a-6045bd91ab9a,enzyme-treated/modified steviol glycosides
40eebdf3-c966-ef11-bfe3-6045bd98c6ab,light soft brown sugar
0125b9ae-7b22-ef11-840a-6045bd91ab9a,fibre stevia glycoside
48f319e3-9080-ef11-ac21-000d3aab915b,d-glucitol 4-o-a-d-glucopyranosyl-
48f319e3-9080-ef11-ac21-000d3aab915b,e 965i: maltitol
b9eb001e-2514-ef11-9f8a-000d3ac28ba0,invert sugar cane juice
ceeb001e-2514-ef11-9f8a-000d3ac28ba0,furucton
0125b9ae-7b22-ef11-840a-6045bd91ab9a,fiber from stevia extract (natural sweetener)
40eebdf3-c966-ef11-bfe3-6045bd98c6ab,dark muscovado sugar
ceeb001e-2514-ef11-9f8a-000d3ac28ba0,fructose
d6eb001e-2514-ef11-9f8a-000d3ac28ba0,glucose-fructose syrup
9343fd29-7b22-ef11-840a-6045bd91ab9a,dietary fiber (dextrin, inulin, oligofructose)
0125b9ae-7b22-ef11-840a-6045bd91ab9a,2% tea from stevia leaf (stevia rebaudiana bertoni)
0125b9ae-7b22-ef11-840a-6045bd91ab9a,enzyme-modified stevia
465a3216-9180-ef11-ac21-000d3aab915b,resulax
d6eb001e-2514-ef11-9f8a-000d3ac28ba0,glucose/fructose
dceb001e-2514-ef11-9f8a-000d3ac28ba0,cane molasses
ceeb001e-2514-ef11-9f8a-000d3ac28ba0,cas number 57-48-7
9343fd29-7b22-ef11-840a-6045bd91ab9a,dietary fiber (galacto-oligosaccharide, oligofructose, polyfructose)
0125b9ae-7b22-ef11-840a-6045bd91ab9a,fiber from stevia rebiana
0125b9ae-7b22-ef11-840a-6045bd91ab9a,fiber reb a (natural leaf sweetener)
40eebdf3-c966-ef11-bfe3-6045bd98c6ab,muscovado sugar light
c8eb001e-2514-ef11-9f8a-000d3ac28ba0,dry mixture for meat product (thickeners: e407, e412, e415, salt, dextrose)
d4eb001e-2514-ef11-9f8a-000d3ac28ba0,corn syrup
c96bd494-7a22-ef11-840a-000d3a2f6a21,white sugar
465a3216-9180-ef11-ac21-000d3aab915b,esasorb
e2d7e6ae-bb84-ef11-ac21-000d3aab915b,100% pasteurised sugar cane juice
e2d7e6ae-bb84-ef11-ac21-000d3aab915b,pasteurised sugarcane juice
0125b9ae-7b22-ef11-840a-6045bd91ab9a,(reb a) fibre
dceb001e-2514-ef11-9f8a-000d3ac28ba0,sugarcane molasses
40eebdf3-c966-ef11-bfe3-6045bd98c6ab,muscavado sugars
40eebdf3-c966-ef11-bfe3-6045bd98c6ab,cane sugar
465a3216-9180-ef11-ac21-000d3aab915b,cas number 50704
b9eb001e-2514-ef11-9f8a-000d3ac28ba0,sugar beet inverted syrup
c8eb001e-2514-ef11-9f8a-000d3ac28ba0,corn sugar
ceeb001e-2514-ef11-9f8a-000d3ac28ba0,c.a.s. 57487
0125b9ae-7b22-ef11-840a-6045bd91ab9a,fiber from steviolbioside
c96bd494-7a22-ef11-840a-000d3a2f6a21,sucrose
b9eb001e-2514-ef11-9f8a-000d3ac28ba0,beet sugar inverted syrup
0125b9ae-7b22-ef11-840a-6045bd91ab9a,fiber from stevia rebaudiana leaf natural herbal extracts
0125b9ae-7b22-ef11-840a-6045bd91ab9a,fiber from steviol glycocides
48f319e3-9080-ef11-ac21-000d3aab915b,e965 (i): maltitol
d2eb001e-2514-ef11-9f8a-000d3ac28ba0,fructose syrup
daeb001e-2514-ef11-9f8a-000d3ac28ba0,e420ii sorbitol syrup
9343fd29-7b22-ef11-840a-6045bd91ab9a,dietary fiber (oligofructose, galacto-oligosaccharides (from milk sugar), pectin)
0125b9ae-7b22-ef11-840a-6045bd91ab9a,fiber from rebaudioside e
9343fd29-7b22-ef11-840a-6045bd91ab9a,dietary fiber (inulin, oligofructose, acacia, soy polysaccharides, cellulose, resistant starch)
0125b9ae-7b22-ef11-840a-6045bd91ab9a,fiber stevia leaf
465a3216-9180-ef11-ac21-000d3aab915b,e420 (i)
b9eb001e-2514-ef11-9f8a-000d3ac28ba0,inverted beet sugar syrup
daeb001e-2514-ef11-9f8a-000d3ac28ba0,e420ii
0125b9ae-7b22-ef11-840a-6045bd91ab9a,fiber stevia leaf extract (natural sweetener)
c96bd494-7a22-ef11-840a-000d3a2f6a21,regular sugar granules
c96bd494-7a22-ef11-840a-000d3a2f6a21,table sugar
655fe9d0-7a22-ef11-840a-000d3a2f6a21,karamel
48f319e3-9080-ef11-ac21-000d3aab915b,e 965
48f319e3-9080-ef11-ac21-000d3aab915b,ins no965
c8eb001e-2514-ef11-9f8a-000d3ac28ba0,dextro glucose
c8eb001e-2514-ef11-9f8a-000d3ac28ba0,dextrosum
0125b9ae-7b22-ef11-840a-6045bd91ab9a,enzyme-treated / modified steviol glycosides
c96bd494-7a22-ef11-840a-000d3a2f6a21,c.a.s. 57-50-1
48f319e3-9080-ef11-ac21-000d3aab915b,glucitol 4-o-a-d-glucopyranosyl- d-
c8eb001e-2514-ef11-9f8a-000d3ac28ba0,bacon (50%) (pork bacon, salt, dextrose, e316, e250, e252, e215, e217, spices)
c8eb001e-2514-ef11-9f8a-000d3ac28ba0,alpha-d-glucose
8a8e02e4-7d22-ef11-840a-6045bd91ab9a,miele
c96bd494-7a22-ef11-840a-000d3a2f6a21,c.a.s. 57501
d8eb001e-2514-ef11-9f8a-000d3ac28ba0,e965ii - jarabe de maltitol
daeb001e-2514-ef11-9f8a-000d3ac28ba0,e420(ii)
daeb001e-2514-ef11-9f8a-000d3ac28ba0,sorbitol syrup e420ii
40eebdf3-c966-ef11-bfe3-6045bd98c6ab,light muscovado sugar
465a3216-9180-ef11-ac21-000d3aab915b,c.a.s. 50 70 4
465a3216-9180-ef11-ac21-000d3aab915b,cas nos 50-70-4
e2d7e6ae-bb84-ef11-ac21-000d3aab915b,evaporated cane juice
ceeb001e-2514-ef11-9f8a-000d3ac28ba0,cas nos 57487
d8eb001e-2514-ef11-9f8a-000d3ac28ba0,catalytic hydrogenation of high maltose-content glucose syrup
9343fd29-7b22-ef11-840a-6045bd91ab9a,dietary fiber (inulin, oligofructose, gum arabic, soy polysaccharide, cellulose, modified cornstarch)
d4eb001e-2514-ef11-9f8a-000d3ac28ba0,glucose syrup
d6eb001e-2514-ef11-9f8a-000d3ac28ba0,corn syrup high in fructose
0125b9ae-7b22-ef11-840a-6045bd91ab9a,fiber rebaudioside a/reb a
0125b9ae-7b22-ef11-840a-6045bd91ab9a,fiber from pure-via
c96bd494-7a22-ef11-840a-000d3a2f6a21,white sugars
0125b9ae-7b22-ef11-840a-6045bd91ab9a,enzyme-modified steviol glycosides
0125b9ae-7b22-ef11-840a-6045bd91ab9a,fiber from rebaudioside
0125b9ae-7b22-ef11-840a-6045bd91ab9a,fiber from stevia rebaudiana extract
daeb001e-2514-ef11-9f8a-000d3ac28ba0,e 420ii sorbitol syrup
daeb001e-2514-ef11-9f8a-000d3ac28ba0,e 420(ii)
9343fd29-7b22-ef11-840a-6045bd91ab9a,dietary fiber (oligofructose 2.9%)
465a3216-9180-ef11-ac21-000d3aab915b,ins no 420i
0125b9ae-7b22-ef11-840a-6045bd91ab9a,enzyme treated/modified steviol glycosides
c96bd494-7a22-ef11-840a-000d3a2f6a21,cas nos 57-50-1
40eebdf3-c966-ef11-bfe3-6045bd98c6ab,turbinado brown sugar
48f319e3-9080-ef11-ac21-000d3aab915b,e965: maltitol
d4eb001e-2514-ef11-9f8a-000d3ac28ba0,light karo syrup
40eebdf3-c966-ef11-bfe3-6045bd98c6ab,cassonade
48f319e3-9080-ef11-ac21-000d3aab915b,maltitol e965 (i)
d8eb001e-2514-ef11-9f8a-000d3ac28ba0,maltitol syrup (e965ii)
655fe9d0-7a22-ef11-840a-000d3a2f6a21,caramel
d6eb001e-2514-ef11-9f8a-000d3ac28ba0,fructose and glucose syrup
40eebdf3-c966-ef11-bfe3-6045bd98c6ab,soft sugar
40eebdf3-c966-ef11-bfe3-6045bd98c6ab,dark barbados sugar
48f319e3-9080-ef11-ac21-000d3aab915b,ins 965
e2d7e6ae-bb84-ef11-ac21-000d3aab915b,fresh sugar cane juice
daeb001e-2514-ef11-9f8a-000d3ac28ba0,e 420ii
d8eb001e-2514-ef11-9f8a-000d3ac28ba0,e965ii
daeb001e-2514-ef11-9f8a-000d3ac28ba0,e420ii: sorbitol syrup
0125b9ae-7b22-ef11-840a-6045bd91ab9a,fiber stevia extract (steviol glycosides)
0125b9ae-7b22-ef11-840a-6045bd91ab9a,fiber from
40eebdf3-c966-ef11-bfe3-6045bd98c6ab,light brown raw cane sugar from guyana
c96bd494-7a22-ef11-840a-000d3a2f6a21,cas 57-50-1
465a3216-9180-ef11-ac21-000d3aab915b,ins number 420i
d6eb001e-2514-ef11-9f8a-000d3ac28ba0,high fructose corn syrup
465a3216-9180-ef11-ac21-000d3aab915b,(2s,3r,4r,5r)-hexane-1,2,3,4,5,6-hexol
465a3216-9180-ef11-ac21-000d3aab915b,cas number 50 70 4
9343fd29-7b22-ef11-840a-6045bd91ab9a,contains a mixture of prebiotic gos/fos (galactooligosaccharides and fructooligosaccharides): 1.2g/100ml.
465a3216-9180-ef11-ac21-000d3aab915b,d-glucitol syrup
daeb001e-2514-ef11-9f8a-000d3ac28ba0,ins 420ii
9343fd29-7b22-ef11-840a-6045bd91ab9a,dietary fiber (inulin, oligofructose, gum arabic, soy polysaccharides, cellulose, resistant starch)
0125b9ae-7b22-ef11-840a-6045bd91ab9a,fiber (stevia)
c96bd494-7a22-ef11-840a-000d3a2f6a21,cas number 57 50 1
465a3216-9180-ef11-ac21-000d3aab915b,sorbitol
ceeb001e-2514-ef11-9f8a-000d3ac28ba0,berry sugar
9343fd29-7b22-ef11-840a-6045bd91ab9a,dietary fiber (inulin, oligofructose, gum arabic, soy polysaccharides cellulose, resistant starch)
9343fd29-7b22-ef11-840a-6045bd91ab9a,dietary fiber (oligofructose, polydextrose, dextrin)
465a3216-9180-ef11-ac21-000d3aab915b,sionon
d8eb001e-2514-ef11-9f8a-000d3ac28ba0,e 965ii jarabe de maltitol
d8eb001e-2514-ef11-9f8a-000d3ac28ba0,sirop de maltitol
daeb001e-2514-ef11-9f8a-000d3ac28ba0,ins no. 420(ii)
b9eb001e-2514-ef11-9f8a-000d3ac28ba0,inverted beet sugar syrup
c8eb001e-2514-ef11-9f8a-000d3ac28ba0,gum blend (cellulose gum, xanthan gum, carrageenan, dextrose)
d6eb001e-2514-ef11-9f8a-000d3ac28ba0,glucose and/or fructose syrup
40eebdf3-c966-ef11-bfe3-6045bd98c6ab,turbinado sugar
48f319e3-9080-ef11-ac21-000d3aab915b,maltitol (e965)
b9eb001e-2514-ef11-9f8a-000d3ac28ba0,sugar beet inverted sirup
8a8e02e4-7d22-ef11-840a-6045bd91ab9a,pure smooth thick honey
0125b9ae-7b22-ef11-840a-6045bd91ab9a,fiber rebaudioside b
0125b9ae-7b22-ef11-840a-6045bd91ab9a,bacillus/lactobacillus/stevia rebaudiana stalk extract ferment filtrate
c96bd494-7a22-ef11-840a-000d3a2f6a21,premium pure cane granulated sugar
48f319e3-9080-ef11-ac21-000d3aab915b,ins number 965
daeb001e-2514-ef11-9f8a-000d3ac28ba0,e 420ii: sorbitol syrup
48f319e3-9080-ef11-ac21-000d3aab915b,refine pure maltitol
c8eb001e-2514-ef11-9f8a-000d3ac28ba0,spicy sausage 6% (pork, salt, sodium caseine, lactose, dextrose, fructose, sucrose, pepper, spec row, flavorings, acidity regulator (l-ascorbic acid), preservatives (potassium nitrate))
465a3216-9180-ef11-ac21-000d3aab915b,d glucitol syrup
e2d7e6ae-bb84-ef11-ac21-000d3aab915b,100% pasteurised sugarcane juice
0125b9ae-7b22-ef11-840a-6045bd91ab9a,enzyme-treated/modified stevia
655fe9d0-7a22-ef11-840a-000d3a2f6a21,caramel organic
465a3216-9180-ef11-ac21-000d3aab915b,kyowa powder 50m
465a3216-9180-ef11-ac21-000d3aab915b,e 420 (i) sorbitol
8a8e02e4-7d22-ef11-840a-6045bd91ab9a,organic honey
9343fd29-7b22-ef11-840a-6045bd91ab9a,10% prebiotics: oligofructose 7%
0125b9ae-7b22-ef11-840a-6045bd91ab9a,fiber enliten
0125b9ae-7b22-ef11-840a-6045bd91ab9a,dulcoside a fiber
0125b9ae-7b22-ef11-840a-6045bd91ab9a,fiber stevia (leaf) extract
40eebdf3-c966-ef11-bfe3-6045bd98c6ab,other muscavado sugar
40eebdf3-c966-ef11-bfe3-6045bd98c6ab,raw sugar
40eebdf3-c966-ef11-bfe3-6045bd98c6ab,unrefined sugar
e2d7e6ae-bb84-ef11-ac21-000d3aab915b,guarapo fresh sugarcane juice
d8eb001e-2514-ef11-9f8a-000d3ac28ba0,maltitol syrup powder
c96bd494-7a22-ef11-840a-000d3a2f6a21,all-purpose sugar
48f319e3-9080-ef11-ac21-000d3aab915b,e965i
465a3216-9180-ef11-ac21-000d3aab915b,e420 sorbitol
0125b9ae-7b22-ef11-840a-6045bd91ab9a,fiber from stevia glycocides
0125b9ae-7b22-ef11-840a-6045bd91ab9a,fiber stevia rebaudiana leaf extract
8a8e02e4-7d22-ef11-840a-6045bd91ab9a,smooth thick honey
40eebdf3-c966-ef11-bfe3-6045bd98c6ab,muscavado light
e2d7e6ae-bb84-ef11-ac21-000d3aab915b,guarapo de cana
daeb001e-2514-ef11-9f8a-000d3ac28ba0,sorbitol syrup e 420ii
9343fd29-7b22-ef11-840a-6045bd91ab9a,dietary fiber (oligofructose, inulin)
0125b9ae-7b22-ef11-840a-6045bd91ab9a,fiber from stevia extract
0125b9ae-7b22-ef11-840a-6045bd91ab9a,fiber from truvia
0125b9ae-7b22-ef11-840a-6045bd91ab9a,fiber from stevia (leaf) extract
0125b9ae-7b22-ef11-840a-6045bd91ab9a,fiber from stevia glycocide
c96bd494-7a22-ef11-840a-000d3a2f6a21,granulated white sugar
465a3216-9180-ef11-ac21-000d3aab915b,cas number 50-70-4
465a3216-9180-ef11-ac21-000d3aab915b,sorbostyl
465a3216-9180-ef11-ac21-000d3aab915b,ins 420i
e2d7e6ae-bb84-ef11-ac21-000d3aab915b,pasteurized sugarcane juice 100%
e2d7e6ae-bb84-ef11-ac21-000d3aab915b,sugar cane juice
0125b9ae-7b22-ef11-840a-6045bd91ab9a,fiber from steviol glycocide
0125b9ae-7b22-ef11-840a-6045bd91ab9a,fiber stevia rebaudiana extract
0125b9ae-7b22-ef11-840a-6045bd91ab9a,fiber from rebaudioside a/reb a
465a3216-9180-ef11-ac21-000d3aab915b,nivitin
9343fd29-7b22-ef11-840a-6045bd91ab9a,4% oligofructose (fiber)
c96bd494-7a22-ef11-840a-000d3a2f6a21,cas no 57 50 1
0125b9ae-7b22-ef11-840a-6045bd91ab9a,fiber rebaudioside f
0125b9ae-7b22-ef11-840a-6045bd91ab9a,(stevia) fibre
0125b9ae-7b22-ef11-840a-6045bd91ab9a,fiber from reb a (natural stevia leaf sweetener)
b9eb001e-2514-ef11-9f8a-000d3ac28ba0,refined invert sugar syrup
0125b9ae-7b22-ef11-840a-6045bd91ab9a,fiber stevia glycocide
465a3216-9180-ef11-ac21-000d3aab915b,(-)-sorbitol
9343fd29-7b22-ef11-840a-6045bd91ab9a,complex prebiotic (fructooligosaccharides (fos 0.65%))
40eebdf3-c966-ef11-bfe3-6045bd98c6ab,yellow sugar
c96bd494-7a22-ef11-840a-000d3a2f6a21,granulated pure cane sugar
e2d7e6ae-bb84-ef11-ac21-000d3aab915b,pasteurized sugarcane juice
465a3216-9180-ef11-ac21-000d3aab915b,sorbol
c8eb001e-2514-ef11-9f8a-000d3ac28ba0,a-d-glucopyranose
d4eb001e-2514-ef11-9f8a-000d3ac28ba0,starch syrup
d8eb001e-2514-ef11-9f8a-000d3ac28ba0,e965ii maltitol syrup
40eebdf3-c966-ef11-bfe3-6045bd98c6ab,muscavado dark
40eebdf3-c966-ef11-bfe3-6045bd98c6ab,other soft brown
48f319e3-9080-ef11-ac21-000d3aab915b,maltitol e965i
d6eb001e-2514-ef11-9f8a-000d3ac28ba0,glucose syrup and fructose
9343fd29-7b22-ef11-840a-6045bd91ab9a,dietary fiber (inulin, oligofructose, resistant starch, soy polysaccharides, arabic gum, cellulose)
0125b9ae-7b22-ef11-840a-6045bd91ab9a,enzyme treated / modified stevia
0125b9ae-7b22-ef11-840a-6045bd91ab9a,fiber from (reb a stevia)
8a8e02e4-7d22-ef11-840a-6045bd91ab9a,natural pure honey
d4eb001e-2514-ef11-9f8a-000d3ac28ba0,liquid glucose
d8eb001e-2514-ef11-9f8a-000d3ac28ba0,maltitol syrup
9343fd29-7b22-ef11-840a-6045bd91ab9a,dietary fiber (oligofructose, galacto-oligosaccharides (from milk sugar), pectin, fructo-oligosaccharides, inulin)
465a3216-9180-ef11-ac21-000d3aab915b,e420
c8eb001e-2514-ef11-9f8a-000d3ac28ba0,d dextrose
c96bd494-7a22-ef11-840a-000d3a2f6a21,cas no 57501
c96bd494-7a22-ef11-840a-000d3a2f6a21,regular sugar
ceeb001e-2514-ef11-9f8a-000d3ac28ba0,cas 57487
dceb001e-2514-ef11-9f8a-000d3ac28ba0,sugar cane molasses
9343fd29-7b22-ef11-840a-6045bd91ab9a,dietary fiber (oligofructose, inulin, cellulose, modified starch)
465a3216-9180-ef11-ac21-000d3aab915b,sorbex
b9eb001e-2514-ef11-9f8a-000d3ac28ba0,inverted sugar sirup
0125b9ae-7b22-ef11-840a-6045bd91ab9a,(steviol glycosides) fibre
0125b9ae-7b22-ef11-840a-6045bd91ab9a,fiber stevia blend
0125b9ae-7b22-ef11-840a-6045bd91ab9a,fiber reb a (natural stevia leaf sweetener)
465a3216-9180-ef11-ac21-000d3aab915b,cas nos 50 70 4
c8eb001e-2514-ef11-9f8a-000d3ac28ba0,grape sugar
0125b9ae-7b22-ef11-840a-6045bd91ab9a,fiber from rebaudioside d
0125b9ae-7b22-ef11-840a-6045bd91ab9a,(reb a stevia) fibre
40eebdf3-c966-ef11-bfe3-6045bd98c6ab,other soft brown sugar
48f319e3-9080-ef11-ac21-000d3aab915b,ins no. 965
9343fd29-7b22-ef11-840a-6045bd91ab9a,(soy polysaccharides, resistant starch, inulin, gum arabic, cellulose, oligofructose)
0125b9ae-7b22-ef11-840a-6045bd91ab9a,enliten fibre
e2d7e6ae-bb84-ef11-ac21-000d3aab915b,juice from sugar cane
0125b9ae-7b22-ef11-840a-6045bd91ab9a,fiber stevia glycocides
d8eb001e-2514-ef11-9f8a-000d3ac28ba0,ins 965ii
465a3216-9180-ef11-ac21-000d3aab915b,ins420i
0125b9ae-7b22-ef11-840a-6045bd91ab9a,enzyme treated/modified stevia
0125b9ae-7b22-ef11-840a-6045bd91ab9a,fiber from stevia rebaudiana
0125b9ae-7b22-ef11-840a-6045bd91ab9a,fiber from rebaudioside a-reb a
8a8e02e4-7d22-ef11-840a-6045bd91ab9a,pure honey
d6eb001e-2514-ef11-9f8a-000d3ac28ba0,glucose and fructose
0125b9ae-7b22-ef11-840a-6045bd91ab9a,fiber rebiana
465a3216-9180-ef11-ac21-000d3aab915b,d glucitol
9343fd29-7b22-ef11-840a-6045bd91ab9a,a prebiotic substance - oligofructose
9343fd29-7b22-ef11-840a-6045bd91ab9a,complexe d'oligosaccharide
8a8e02e4-7d22-ef11-840a-6045bd91ab9a,raw honey
d6eb001e-2514-ef11-9f8a-000d3ac28ba0,iso glucose
9343fd29-7b22-ef11-840a-6045bd91ab9a,dietary fiber (inulin and oligofructose, dextin)
0125b9ae-7b22-ef11-840a-6045bd91ab9a,fiber from stevia glycoside
c96bd494-7a22-ef11-840a-000d3a2f6a21,sugar granulated
0125b9ae-7b22-ef11-840a-6045bd91ab9a,fiber from stevia glycosides
9343fd29-7b22-ef11-840a-6045bd91ab9a,dietary fiber (soy polysaccharides, inulin, oligofructose, modified starch, gum arabic, cellulose)
48f319e3-9080-ef11-ac21-000d3aab915b,maltitol
465a3216-9180-ef11-ac21-000d3aab915b,d-sorbitol
0125b9ae-7b22-ef11-840a-6045bd91ab9a,fiber from stevia leaf extract (natural sweetener)
8a8e02e4-7d22-ef11-840a-6045bd91ab9a,natural honey
40eebdf3-c966-ef11-bfe3-6045bd98c6ab,turbinado
c96bd494-7a22-ef11-840a-000d3a2f6a21,saccharose
48f319e3-9080-ef11-ac21-000d3aab915b,hydrogenated maltose
9343fd29-7b22-ef11-840a-6045bd91ab9a,dietary fiber (arabic inulin, oligofructose, gum, soy polysaccharides, cellulose, resistant starch)
40eebdf3-c966-ef11-bfe3-6045bd98c6ab,dark soft brown
e2d7e6ae-bb84-ef11-ac21-000d3aab915b,guarapo (sugar cane juice)
daeb001e-2514-ef11-9f8a-000d3ac28ba0,ins no 420(ii)
0125b9ae-7b22-ef11-840a-6045bd91ab9a,fiber from rebaudioside a
40eebdf3-c966-ef11-bfe3-6045bd98c6ab,golden yellow sugar
c96bd494-7a22-ef11-840a-000d3a2f6a21,c.a.s. 57 50 1
48f319e3-9080-ef11-ac21-000d3aab915b,maltitol e965(i)
465a3216-9180-ef11-ac21-000d3aab915b,sionite
e2d7e6ae-bb84-ef11-ac21-000d3aab915b,fresh sugarcane juice
ceeb001e-2514-ef11-9f8a-000d3ac28ba0,(3s,4r,5r)-1,3,4,5,6-pentahydroxyhexan-2-one
40eebdf3-c966-ef11-bfe3-6045bd98c6ab,muscavado sugar
9343fd29-7b22-ef11-840a-6045bd91ab9a,contains a mixture of prebiotics (galactooligosaccharides and fructooligosaccharides 1.2g/100ml.)
48f319e3-9080-ef11-ac21-000d3aab915b,e 965: maltitol
e2d7e6ae-bb84-ef11-ac21-000d3aab915b,guarapo fresh sugar cane juice
0125b9ae-7b22-ef11-840a-6045bd91ab9a,fiber steviol glycocide
d8eb001e-2514-ef11-9f8a-000d3ac28ba0,maltitol syrup (e 965ii)
9343fd29-7b22-ef11-840a-6045bd91ab9a,dietary fiber (inulin, oligofructose, acacia gum, soy polysaccharides, cellulose, resistant starch)
40eebdf3-c966-ef11-bfe3-6045bd98c6ab,dark brown soft sugar
40eebdf3-c966-ef11-bfe3-6045bd98c6ab,light brown soft sugar
40eebdf3-c966-ef11-bfe3-6045bd98c6ab,light barbados sugar
465a3216-9180-ef11-ac21-000d3aab915b,glucarine
daeb001e-2514-ef11-9f8a-000d3ac28ba0,ins420ii
dceb001e-2514-ef11-9f8a-000d3ac28ba0,molasses sugarcane
9343fd29-7b22-ef11-840a-6045bd91ab9a,dietary fiber (oligofructose)
9343fd29-7b22-ef11-840a-6045bd91ab9a,dietary fiber (oligofructose, wheat)
40eebdf3-c966-ef11-bfe3-6045bd98c6ab,organic cane sugar
e2d7e6ae-bb84-ef11-ac21-000d3aab915b,pasteurised sugar cane juice
ceeb001e-2514-ef11-9f8a-000d3ac28ba0,cas number 57 48 7
ceeb001e-2514-ef11-9f8a-000d3ac28ba0,sugarberry
465a3216-9180-ef11-ac21-000d3aab915b,ins no420
465a3216-9180-ef11-ac21-000d3aab915b,ins no. 420
d6eb001e-2514-ef11-9f8a-000d3ac28ba0,glucose fructose syrup
daeb001e-2514-ef11-9f8a-000d3ac28ba0,ins number 420(ii)
c8eb001e-2514-ef11-9f8a-000d3ac28ba0,d-glucose
c8eb001e-2514-ef11-9f8a-000d3ac28ba0,whipping cream (cream, milk, dextrose, carrageenan)
465a3216-9180-ef11-ac21-000d3aab915b,sorbitol (e420)
b9eb001e-2514-ef11-9f8a-000d3ac28ba0,invert sugar syrup
9343fd29-7b22-ef11-840a-6045bd91ab9a,dietary fiber (inulin, gum arabic, oligofructose, soybean polysaccharides, cellulose, resistant starch)
c96bd494-7a22-ef11-840a-000d3a2f6a21,cas no 57-50-1
d6eb001e-2514-ef11-9f8a-000d3ac28ba0,fructose corn syrup
d8eb001e-2514-ef11-9f8a-000d3ac28ba0,e 965 (ii): maltitol syrup
0125b9ae-7b22-ef11-840a-6045bd91ab9a,fiber stevia glycoside
0125b9ae-7b22-ef11-840a-6045bd91ab9a,enzyme modified steviol glycosides
0125b9ae-7b22-ef11-840a-6045bd91ab9a,fiber from dulcoside a
465a3216-9180-ef11-ac21-000d3aab915b,cas no 50 70 4
b9eb001e-2514-ef11-9f8a-000d3ac28ba0,sugar invert
ceeb001e-2514-ef11-9f8a-000d3ac28ba0,cas no 57487
465a3216-9180-ef11-ac21-000d3aab915b,cas 50-70-4
465a3216-9180-ef11-ac21-000d3aab915b,d sorbitol
b9eb001e-2514-ef11-9f8a-000d3ac28ba0,inverted sugar beet sirup
ceeb001e-2514-ef11-9f8a-000d3ac28ba0,d-fructofuranose
9343fd29-7b22-ef11-840a-6045bd91ab9a,dietary fiber (11.3%) (oligofructose, orange fiber, fiber, pea fiber, glucomannan)
c96bd494-7a22-ef11-840a-000d3a2f6a21,cas nos 57501
ceeb001e-2514-ef11-9f8a-000d3ac28ba0,laevulose
ceeb001e-2514-ef11-9f8a-000d3ac28ba0,cas 57-48-7
ceeb001e-2514-ef11-9f8a-000d3ac28ba0,fruit sugar
dceb001e-2514-ef11-9f8a-000d3ac28ba0,molasses from sugar cane
0125b9ae-7b22-ef11-840a-6045bd91ab9a,enliten fiber
465a3216-9180-ef11-ac21-000d3aab915b,karion
40eebdf3-c966-ef11-bfe3-6045bd98c6ab,brilliant yellow sugar
c8eb001e-2514-ef11-9f8a-000d3ac28ba0,glucose (glucosum)
ceeb001e-2514-ef11-9f8a-000d3ac28ba0,d-arabino-hexulose
0125b9ae-7b22-ef11-840a-6045bd91ab9a,fiber from rebaudioside b
48f319e3-9080-ef11-ac21-000d3aab915b,(a)-d-glucopyranosyl-1 4-d-glucitol
48f319e3-9080-ef11-ac21-000d3aab915b,crystalline maltitol
ceeb001e-2514-ef11-9f8a-000d3ac28ba0,sugar fruit
daeb001e-2514-ef11-9f8a-000d3ac28ba0,e420 (ii) sorbitol syrup
0125b9ae-7b22-ef11-840a-6045bd91ab9a,fiber from stevia extract (steviol glycoside and rebaudioside a)
b9eb001e-2514-ef11-9f8a-000d3ac28ba0,invert sugar beet sirup
d8eb001e-2514-ef11-9f8a-000d3ac28ba0,catalytic hydrogenation of high maltose content glucose syrup
655fe9d0-7a22-ef11-840a-000d3a2f6a21,caramel from organic farming
0125b9ae-7b22-ef11-840a-6045bd91ab9a,fiber stevia leaf extract powder
465a3216-9180-ef11-ac21-000d3aab915b,neosorb
d6eb001e-2514-ef11-9f8a-000d3ac28ba0,glucose syrup-fructose
0125b9ae-7b22-ef11-840a-6045bd91ab9a,fiber from stevia (e 960)
465a3216-9180-ef11-ac21-000d3aab915b,siosan
b9eb001e-2514-ef11-9f8a-000d3ac28ba0,invert beet sugar sirup
c8eb001e-2514-ef11-9f8a-000d3ac28ba0,glucosum
ceeb001e-2514-ef11-9f8a-000d3ac28ba0,c.a.s. 57 48 7
d6eb001e-2514-ef11-9f8a-000d3ac28ba0,high-fructose maize syrup
0125b9ae-7b22-ef11-840a-6045bd91ab9a,enzyme modified stevia
0125b9ae-7b22-ef11-840a-6045bd91ab9a,fiber pure-via
e2d7e6ae-bb84-ef11-ac21-000d3aab915b,guarapo: sugar cane juice
ceeb001e-2514-ef11-9f8a-000d3ac28ba0,nevulose
d8eb001e-2514-ef11-9f8a-000d3ac28ba0,e965ii - maltitol syrup
465a3216-9180-ef11-ac21-000d3aab915b,sorbit
ceeb001e-2514-ef11-9f8a-000d3ac28ba0,cas nos 57-48-7
0125b9ae-7b22-ef11-840a-6045bd91ab9a,fiber purevia
0125b9ae-7b22-ef11-840a-6045bd91ab9a,fiber from stevia extract (rebauioside a)
c96bd494-7a22-ef11-840a-000d3a2f6a21,white cane sugar
e2d7e6ae-bb84-ef11-ac21-000d3aab915b,pasteurized sugar cane juice 100%
b9eb001e-2514-ef11-9f8a-000d3ac28ba0,inverted sugar beet syrup
daeb001e-2514-ef11-9f8a-000d3ac28ba0,ins no. 420ii
c96bd494-7a22-ef11-840a-000d3a2f6a21,granulated sugar
b9eb001e-2514-ef11-9f8a-000d3ac28ba0,sugar invert syrip
d6eb001e-2514-ef11-9f8a-000d3ac28ba0,sugar/gucose-fructose
0125b9ae-7b22-ef11-840a-6045bd91ab9a,fiber from rebiana
e2d7e6ae-bb84-ef11-ac21-000d3aab915b,cane juice
d6eb001e-2514-ef11-9f8a-000d3ac28ba0,fructose - glucose syrup
0125b9ae-7b22-ef11-840a-6045bd91ab9a,fiber from stevia leaf extract powder
0125b9ae-7b22-ef11-840a-6045bd91ab9a,fiber from pure via
48f319e3-9080-ef11-ac21-000d3aab915b,maltitol 965i
465a3216-9180-ef11-ac21-000d3aab915b,sionit
c8eb001e-2514-ef11-9f8a-000d3ac28ba0,glucose standard
d8eb001e-2514-ef11-9f8a-000d3ac28ba0,e 965ii maltitol syrup
daeb001e-2514-ef11-9f8a-000d3ac28ba0,sorbitol syrup
48f319e3-9080-ef11-ac21-000d3aab915b,e965i - d-maltitol
ceeb001e-2514-ef11-9f8a-000d3ac28ba0,d-fructose
0125b9ae-7b22-ef11-840a-6045bd91ab9a,fiber from reb a (stevia leaf sweetener)
40eebdf3-c966-ef11-bfe3-6045bd98c6ab,light soft brown
40eebdf3-c966-ef11-bfe3-6045bd98c6ab,mascavado sugar
48f319e3-9080-ef11-ac21-000d3aab915b,d-maltitol
d6eb001e-2514-ef11-9f8a-000d3ac28ba0,dextrose fructose syrup
9343fd29-7b22-ef11-840a-6045bd91ab9a,dietary fiber (oligofructose and inulin)
48f319e3-9080-ef11-ac21-000d3aab915b,maltitol e 965 (i)
9343fd29-7b22-ef11-840a-6045bd91ab9a,dietary fiber (soybean polysaccharide, inulin, oligofructose, cornstarch, gum arabic, cellulose)
40eebdf3-c966-ef11-bfe3-6045bd98c6ab,mascavado
655fe9d0-7a22-ef11-840a-000d3a2f6a21,organic caramel
b9eb001e-2514-ef11-9f8a-000d3ac28ba0,inverted sugar
48f319e3-9080-ef11-ac21-000d3aab915b,maltitol e 965i
b9eb001e-2514-ef11-9f8a-000d3ac28ba0,beet sugar invert syrup
c8eb001e-2514-ef11-9f8a-000d3ac28ba0,[alpha]-d-glucopyranose
0125b9ae-7b22-ef11-840a-6045bd91ab9a,fiber from reb a (natural leaf sweetener)
0125b9ae-7b22-ef11-840a-6045bd91ab9a,fiber from stevia (e960)
48f319e3-9080-ef11-ac21-000d3aab915b,hydrogenation of d-maltose
b9eb001e-2514-ef11-9f8a-000d3ac28ba0,sugar beet invert syrup
e2d7e6ae-bb84-ef11-ac21-000d3aab915b,guarapo (sugarcane juice)
c8eb001e-2514-ef11-9f8a-000d3ac28ba0,alpha d glucose
0125b9ae-7b22-ef11-840a-6045bd91ab9a,fiber rebaudioside a-reb a
0125b9ae-7b22-ef11-840a-6045bd91ab9a,enzymatically modified stevia glucosyl stevia
465a3216-9180-ef11-ac21-000d3aab915b,cas 50704
ceeb001e-2514-ef11-9f8a-000d3ac28ba0,fructosa pura
0125b9ae-7b22-ef11-840a-6045bd91ab9a,fiber from reb a (a stevia leaf sweetener)
40eebdf3-c966-ef11-bfe3-6045bd98c6ab,plantation raw sugar
d4eb001e-2514-ef11-9f8a-000d3ac28ba0,dark corn syrup
0125b9ae-7b22-ef11-840a-6045bd91ab9a,fiber from rebaudioside a reb a
c96bd494-7a22-ef11-840a-000d3a2f6a21,white pure cane sugar
465a3216-9180-ef11-ac21-000d3aab915b,c.a.s. 50-70-4
465a3216-9180-ef11-ac21-000d3aab915b,sorbilax
b9eb001e-2514-ef11-9f8a-000d3ac28ba0,invert sugar sirup
9343fd29-7b22-ef11-840a-6045bd91ab9a,dietary fiber (soy polysaccharides, modified starch, inulin, gum arabic, cellulose, oligofructose)
40eebdf3-c966-ef11-bfe3-6045bd98c6ab,sugar soft brown
40eebdf3-c966-ef11-bfe3-6045bd98c6ab,sugar in the raw
c8eb001e-2514-ef11-9f8a-000d3ac28ba0,glucose
9343fd29-7b22-ef11-840a-6045bd91ab9a,dietary fiber (dextrin, oligofructose, inulin)
0125b9ae-7b22-ef11-840a-6045bd91ab9a,fiber from steviol glycosides
0125b9ae-7b22-ef11-840a-6045bd91ab9a,fiber dulcoside a
40eebdf3-c966-ef11-bfe3-6045bd98c6ab,brown cane sugar
465a3216-9180-ef11-ac21-000d3aab915b,cas no 50704
e2d7e6ae-bb84-ef11-ac21-000d3aab915b,juice from sugarcane
c8eb001e-2514-ef11-9f8a-000d3ac28ba0,alpha d glucopyranose
d8eb001e-2514-ef11-9f8a-000d3ac28ba0,ins no965ii
9343fd29-7b22-ef11-840a-6045bd91ab9a,(prebiotic) fructo-oligosaccharides 2000 mg/kg
0125b9ae-7b22-ef11-840a-6045bd91ab9a,fiber from stevia blend
40eebdf3-c966-ef11-bfe3-6045bd98c6ab,dark brown sugar
c8eb001e-2514-ef11-9f8a-000d3ac28ba0,blood sugar
daeb001e-2514-ef11-9f8a-000d3ac28ba0,ins420(ii)
8a8e02e4-7d22-ef11-840a-6045bd91ab9a,honing
b9eb001e-2514-ef11-9f8a-000d3ac28ba0,invert sugar beet syrup
c8eb001e-2514-ef11-9f8a-000d3ac28ba0,dextrose
c96bd494-7a22-ef11-840a-000d3a2f6a21,pure cane granulated sugar
465a3216-9180-ef11-ac21-000d3aab915b,diakarmon
d8eb001e-2514-ef11-9f8a-000d3ac28ba0,e 965ii
9343fd29-7b22-ef11-840a-6045bd91ab9a,dietary fiber (dextrin, inulin, oligofructose, polydextrose)
0125b9ae-7b22-ef11-840a-6045bd91ab9a,fiber stevia extract (natural sweetener)
40eebdf3-c966-ef11-bfe3-6045bd98c6ab,light yellow sugar
d6eb001e-2514-ef11-9f8a-000d3ac28ba0,hfcs
0125b9ae-7b22-ef11-840a-6045bd91ab9a,fiber pure via
465a3216-9180-ef11-ac21-000d3aab915b,e 420: sorbitol
ceeb001e-2514-ef11-9f8a-000d3ac28ba0,cas number 57487
9343fd29-7b22-ef11-840a-6045bd91ab9a,dietary fiber (inulin, oligofructose, gum arabic)
9343fd29-7b22-ef11-840a-6045bd91ab9a,dietary fiber (soy polysaccharides, resistant starch, inulin, acacia, cellulose, oligofructose)
465a3216-9180-ef11-ac21-000d3aab915b,glucitol
d8eb001e-2514-ef11-9f8a-000d3ac28ba0,ins number 965ii
465a3216-9180-ef11-ac21-000d3aab915b,sorbitol 420i
b9eb001e-2514-ef11-9f8a-000d3ac28ba0,invert sugars
ceeb001e-2514-ef11-9f8a-000d3ac28ba0,levulose
9343fd29-7b22-ef11-840a-6045bd91ab9a,dietary fiber (inulin, oligofructose, gum arabic, soy polysaccharides cellulose, resistant starch)
0125b9ae-7b22-ef11-840a-6045bd91ab9a,fiber from purevia
d6eb001e-2514-ef11-9f8a-000d3ac28ba0,sugar/glucose and fructose
0125b9ae-7b22-ef11-840a-6045bd91ab9a,fiber from reb a stevia
48f319e3-9080-ef11-ac21-000d3aab915b,e965i d-maltitol
0125b9ae-7b22-ef11-840a-6045bd91ab9a,fiber from stevia rebaudiana leaf / stem extract
48f319e3-9080-ef11-ac21-000d3aab915b,e 965 (i): maltitol
0125b9ae-7b22-ef11-840a-6045bd91ab9a,enzyme treated / modified steviol glycosides
48f319e3-9080-ef11-ac21-000d3aab915b,4-o-a-d-glucopyranosyl-d-glucitol
0125b9ae-7b22-ef11-840a-6045bd91ab9a,enzymatically modified stevia
d6eb001e-2514-ef11-9f8a-000d3ac28ba0,high fructose syrup
d8eb001e-2514-ef11-9f8a-000d3ac28ba0,ins no 965ii
0125b9ae-7b22-ef11-840a-6045bd91ab9a,(stevia) fiber
0125b9ae-7b22-ef11-840a-6045bd91ab9a,fiber rebaudioside a
40eebdf3-c966-ef11-bfe3-6045bd98c6ab,light brown sugar
48f319e3-9080-ef11-ac21-000d3aab915b,d maltitol
d8eb001e-2514-ef11-9f8a-000d3ac28ba0,ins965ii
9343fd29-7b22-ef11-840a-6045bd91ab9a,dietary fiber (fos)
b9eb001e-2514-ef11-9f8a-000d3ac28ba0,invert beet sugar syrup
9343fd29-7b22-ef11-840a-6045bd91ab9a,dietary fiber (soy polysaccharides, inulin, resistant starch, gum arabic, oligofructose, cellulose)
b9eb001e-2514-ef11-9f8a-000d3ac28ba0,beet sugar inverted sirup
b9eb001e-2514-ef11-9f8a-000d3ac28ba0,sugar invert syrup
dceb001e-2514-ef11-9f8a-000d3ac28ba0,molasses from cane
0125b9ae-7b22-ef11-840a-6045bd91ab9a,fiber from enliten
0125b9ae-7b22-ef11-840a-6045bd91ab9a,fiber from steviol glycosides (stevia)
ceeb001e-2514-ef11-9f8a-000d3ac28ba0,cas no 57 48 7
9343fd29-7b22-ef11-840a-6045bd91ab9a,dietary fiber (galacto-oligosaccharide and oligofructose) 4.7%
9343fd29-7b22-ef11-840a-6045bd91ab9a,dietary fiber (soy polysaccharides, resistant starch, inulin, acacia rubber, cellulose, oligofructose)
48f319e3-9080-ef11-ac21-000d3aab915b,ins965
465a3216-9180-ef11-ac21-000d3aab915b,l-gulitol
465a3216-9180-ef11-ac21-000d3aab915b,d-sorbol
465a3216-9180-ef11-ac21-000d3aab915b,cas 50 70 4
9343fd29-7b22-ef11-840a-6045bd91ab9a,dietary fiber (soy polysaccharides, resistant starch, inulin, acacia gum, cellulose, oligofructose)
c96bd494-7a22-ef11-840a-000d3a2f6a21,cas 57 50 1
c96bd494-7a22-ef11-840a-000d3a2f6a21,sugar
48f319e3-9080-ef11-ac21-000d3aab915b,e965
465a3216-9180-ef11-ac21-000d3aab915b,sorbitol sugar alcohol
c8eb001e-2514-ef11-9f8a-000d3ac28ba0,alpha-d +-glucose
e2d7e6ae-bb84-ef11-ac21-000d3aab915b,garapa
e2d7e6ae-bb84-ef11-ac21-000d3aab915b,100% pasteurized sugar cane juice
d6eb001e-2514-ef11-9f8a-000d3ac28ba0,fructose glucose
0125b9ae-7b22-ef11-840a-6045bd91ab9a,fiber stevia leaf extract
40eebdf3-c966-ef11-bfe3-6045bd98c6ab,sugar brown
465a3216-9180-ef11-ac21-000d3aab915b,e 420
c8eb001e-2514-ef11-9f8a-000d3ac28ba0,4.5% smoked pork (pork, salt, glucose syrup, dextrose, spice extract [onions])
e2d7e6ae-bb84-ef11-ac21-000d3aab915b,guarapa
0125b9ae-7b22-ef11-840a-6045bd91ab9a,fiber stevia (e960)
0125b9ae-7b22-ef11-840a-6045bd91ab9a,fiber from rebaudioside a - reb a
465a3216-9180-ef11-ac21-000d3aab915b,sorbitol e 420i
daeb001e-2514-ef11-9f8a-000d3ac28ba0,e 420 (ii) sorbitol syrup
48f319e3-9080-ef11-ac21-000d3aab915b,e965 - maltitol
b9eb001e-2514-ef11-9f8a-000d3ac28ba0,inverted sugar syrup
d6eb001e-2514-ef11-9f8a-000d3ac28ba0,glucose and fructose syrup
0125b9ae-7b22-ef11-840a-6045bd91ab9a,fiber steviacane
465a3216-9180-ef11-ac21-000d3aab915b,multitol
0125b9ae-7b22-ef11-840a-6045bd91ab9a,(reb a) fiber
40eebdf3-c966-ef11-bfe3-6045bd98c6ab,brownsugar
c96bd494-7a22-ef11-840a-000d3a2f6a21,cas number 57501
e2d7e6ae-bb84-ef11-ac21-000d3aab915b,sugarcane juice
c8eb001e-2514-ef11-9f8a-000d3ac28ba0,glucose (dextrose)
d8eb001e-2514-ef11-9f8a-000d3ac28ba0,jarabe de maltitol
0125b9ae-7b22-ef11-840a-6045bd91ab9a,fiber rebaudioside a - reb a
c96bd494-7a22-ef11-840a-000d3a2f6a21,cas 57501
465a3216-9180-ef11-ac21-000d3aab915b,d-glucitol
465a3216-9180-ef11-ac21-000d3aab915b,e420 (i) sorbitol
ceeb001e-2514-ef11-9f8a-000d3ac28ba0,cas no 57-48-7
9343fd29-7b22-ef11-840a-6045bd91ab9a,dietary fiber (oligofructose, inulin, cellulose, resistant starch)
0125b9ae-7b22-ef11-840a-6045bd91ab9a,fiber from reb a
c96bd494-7a22-ef11-840a-000d3a2f6a21,cas nos 57 50 1
c8eb001e-2514-ef11-9f8a-000d3ac28ba0,bacon 50% (pork bacon, salt, dextrose, e316, e250, e252, e215, e217, spices)
d4eb001e-2514-ef11-9f8a-000d3ac28ba0,maize syrup
d8eb001e-2514-ef11-9f8a-000d3ac28ba0,e 965ii - maltitol syrup
d4eb001e-2514-ef11-9f8a-000d3ac28ba0,dahlia syrup
d8eb001e-2514-ef11-9f8a-000d3ac28ba0,ins no. 965ii
daeb001e-2514-ef11-9f8a-000d3ac28ba0,ins no420ii
0125b9ae-7b22-ef11-840a-6045bd91ab9a,enzyme-treated / modified stevia
0125b9ae-7b22-ef11-840a-6045bd91ab9a,fiber stevia rebaudiana leaf / stem extract
48f319e3-9080-ef11-ac21-000d3aab915b,maltose hydrogenated
ceeb001e-2514-ef11-9f8a-000d3ac28ba0,cas nos 57 48 7
d8eb001e-2514-ef11-9f8a-000d3ac28ba0,e965ii jarabe de maltitol
9343fd29-7b22-ef11-840a-6045bd91ab9a,dietary fiber (soy polysaccharides, indulin, oligofructose, starch resistant to digestion, gum arabic, cellulose)
40eebdf3-c966-ef11-bfe3-6045bd98c6ab,washed raw sugar
c96bd494-7a22-ef11-840a-000d3a2f6a21,all purpose sugar
9343fd29-7b22-ef11-840a-6045bd91ab9a,dietary fiber (oligofructose, galacto-oligosaccharide (frommilk sugar), pectin, fructo-oligosaccharides)
40eebdf3-c966-ef11-bfe3-6045bd98c6ab,soft brown sugar
9343fd29-7b22-ef11-840a-6045bd91ab9a,dietary fiber 1.1% (oligofructose)
8a8e02e4-7d22-ef11-840a-6045bd91ab9a,miel
0125b9ae-7b22-ef11-840a-6045bd91ab9a,fiber from (e960)
655fe9d0-7a22-ef11-840a-000d3a2f6a21,natural caramel caramels
48f319e3-9080-ef11-ac21-000d3aab915b,ins no 965
465a3216-9180-ef11-ac21-000d3aab915b,sorbogem 712
dceb001e-2514-ef11-9f8a-000d3ac28ba0,molasses made from sugar cane
0125b9ae-7b22-ef11-840a-6045bd91ab9a,dietary fiber: steviol glycosides
b9eb001e-2514-ef11-9f8a-000d3ac28ba0,invert sugar
0125b9ae-7b22-ef11-840a-6045bd91ab9a,fiber rebaudioside c
465a3216-9180-ef11-ac21-000d3aab915b,sorbitol e420i
d6eb001e-2514-ef11-9f8a-000d3ac28ba0,isoglucose
d8eb001e-2514-ef11-9f8a-000d3ac28ba0,e 965ii - jarabe de maltitol
9343fd29-7b22-ef11-840a-6045bd91ab9a,dietary fiber (inulin, gum arabic, oligofructose, soy polysaccharides, cellulose, resistant starch)
0125b9ae-7b22-ef11-840a-6045bd91ab9a,dulcoside a fibre
9343fd29-7b22-ef11-840a-6045bd91ab9a,dietary fiber (soy polysaccharides, resistant starch, inulin, gum arabic, cellulose, oligofructose)
48f319e3-9080-ef11-ac21-000d3aab915b,e 965i d-maltitol
b9eb001e-2514-ef11-9f8a-000d3ac28ba0,sugar beet invert sirup
d8eb001e-2514-ef11-9f8a-000d3ac28ba0,e965ii (sirop de maltitol)
48f319e3-9080-ef11-ac21-000d3aab915b,e965 (i)
465a3216-9180-ef11-ac21-000d3aab915b,foodol d 70
b9eb001e-2514-ef11-9f8a-000d3ac28ba0,beet sugar invert sirup
d4eb001e-2514-ef11-9f8a-000d3ac28ba0,karo syrup
d6eb001e-2514-ef11-9f8a-000d3ac28ba0,high fructose
c8eb001e-2514-ef11-9f8a-000d3ac28ba0,Dextrosas
